frequency_hz,amplitude
0.000000000000,0.000000000000
0.007812500000,0.000058118932
0.015625000000,0.000058159961
0.023437500000,0.000058228363
0.031250000000,0.000058324165
0.039062500000,0.000058447405
0.046875000000,0.000058598136
0.054687500000,0.000058776420
0.062500000000,0.000058982335
0.070312500000,0.000059215970
0.078125000000,0.000059477430
0.085937500000,0.000059766837
0.093750000000,0.000060084326
0.101562500000,0.000060430054
0.109375000000,0.000060804193
0.117187500000,0.000061206939
0.125000000000,0.000061638506
0.132812500000,0.000062099135
0.140625000000,0.000062589091
0.148437500000,0.000063108665
0.156250000000,0.000063658178
0.164062500000,0.000064237983
0.171875000000,0.000064848463
0.179687500000,0.000065490039
0.187500000000,0.000066163171
0.195312500000,0.000066868356
0.203125000000,0.000067606142
0.210937500000,0.000068377113
0.218750000000,0.000069181912
0.226562500000,0.000070021231
0.234375000000,0.000070895821
0.242187500000,0.000071806492
0.250000000000,0.000072754125
0.257812500000,0.000073739665
0.265625000000,0.000074764136
0.273437500000,0.000075828643
0.281250000000,0.000076934378
0.289062500000,0.000078082627
0.296875000000,0.000079274779
0.304687500000,0.000080512328
0.312500000000,0.000081796891
0.320312500000,0.000083130209
0.328125000000,0.000084514166
0.335937500000,0.000085950792
0.343750000000,0.000087442281
0.351562500000,0.000088991008
0.359375000000,0.000090599540
0.367187500000,0.000092270657
0.375000000000,0.000094007372
0.382812500000,0.000095812951
0.390625000000,0.000097690944
0.398437500000,0.000099645206
0.406250000000,0.000101679937
0.414062500000,0.000103799712
0.421875000000,0.000106009528
0.429687500000,0.000108314846
0.437500000000,0.000110721643
0.445312500000,0.000113236478
0.453125000000,0.000115866565
0.460937500000,0.000118619840
0.468750000000,0.000121505061
0.476562500000,0.000124531918
0.484375000000,0.000127711152
0.492187500000,0.000131054695
0.500000000000,0.000134575843
0.507812500000,0.000138289450
0.515625000000,0.000142212162
0.523437500000,0.000146362677
0.531250000000,0.000150762084
0.539062500000,0.000155434235
0.546875000000,0.000160406208
0.554687500000,0.000165708861
0.562500000000,0.000171377506
0.570312500000,0.000177452703
0.578125000000,0.000183981270
0.585937500000,0.000191017505
0.593750000000,0.000198624688
0.601562500000,0.000206876988
0.609375000000,0.000215861825
0.617187500000,0.000225682898
0.625000000000,0.000236464047
0.632812500000,0.000248354237
0.640625000000,0.000261534096
0.648437500000,0.000276224548
0.656250000000,0.000292698362
0.664062500000,0.000311295904
0.671875000000,0.000332446838
0.679687500000,0.000356700697
0.687500000000,0.000384770736
0.695312500000,0.000417598330
0.703125000000,0.000456450070
0.710937500000,0.000503068628
0.718750000000,0.000559915592
0.726562500000,0.000630578964
0.734375000000,0.000720492002
0.742187500000,0.000838281230
0.750000000000,0.000998495305
0.757812500000,0.001227704142
0.765625000000,0.001580081708
0.773437500000,0.002185691296
0.781250000000,0.003454603642
0.789062500000,0.007706491851
0.796875000000,0.048624860719
0.804687500000,0.006230295327
0.812500000000,0.003458730993
0.820312500000,0.002465598192
0.828125000000,0.001963964548
0.835937500000,0.001668459917
0.843750000000,0.001479830859
0.851562500000,0.001354677268
0.859375000000,0.001271213685
0.867187500000,0.001217526828
0.875000000000,0.001186809722
0.882812500000,0.001175201801
0.890625000000,0.001180751488
0.898437500000,0.001202932299
0.906250000000,0.001242484710
0.914062500000,0.001301510159
0.921875000000,0.001383842672
0.929687500000,0.001495835253
0.937500000000,0.001647900021
0.945312500000,0.001857607443
0.953125000000,0.002156403913
0.960937500000,0.002605923270
0.968750000000,0.003344716084
0.976562500000,0.004761200078
0.984375000000,0.008515812710
0.992187500000,0.046182354061
1.000000000000,0.013010585392
1.007812500000,0.005626738245
1.015625000000,0.003563979881
1.023437500000,0.002596479458
1.031250000000,0.002036237293
1.039062500000,0.001671582157
1.046875000000,0.001415785354
1.054687500000,0.001226738968
1.062500000000,0.001081536930
1.070312500000,0.000966654208
1.078125000000,0.000873593487
1.085937500000,0.000796749719
1.093750000000,0.000732277550
1.101562500000,0.000677452098
1.109375000000,0.000630289342
1.117187500000,0.000589310941
1.125000000000,0.000553393192
1.132812500000,0.000521667055
1.140625000000,0.000493450120
1.148437500000,0.000468199245
1.156250000000,0.000445476907
1.164062500000,0.000424926834
1.171875000000,0.000406256067
1.179687500000,0.000389221574
1.187500000000,0.000373620098
1.195312500000,0.000359280387
1.203125000000,0.000346057176
1.210937500000,0.000333826455
1.218750000000,0.000322481755
1.226562500000,0.000311931165
1.234375000000,0.000302094941
1.242187500000,0.000292903579
1.250000000000,0.000284296218
1.257812500000,0.000276219363
1.265625000000,0.000268625801
1.273437500000,0.000261473711
1.281250000000,0.000254725921
1.289062500000,0.000248349291
1.296875000000,0.000242314175
1.304687500000,0.000236593979
1.312500000000,0.000231164781
1.320312500000,0.000226005009
1.328125000000,0.000221095155
1.335937500000,0.000216417534
1.343750000000,0.000211956091
1.351562500000,0.000207696207
1.359375000000,0.000203624536
1.367187500000,0.000199728887
1.375000000000,0.000195998094
1.382812500000,0.000192421914
1.390625000000,0.000188990931
1.398437500000,0.000185696459
1.406250000000,0.000182530514
1.414062500000,0.000179485714
1.421875000000,0.000176555220
1.429687500000,0.000173732703
1.437500000000,0.000171012299
1.445312500000,0.000168388547
1.453125000000,0.000165856378
1.460937500000,0.000163411066
1.468750000000,0.000161048207
1.476562500000,0.000158763688
1.484375000000,0.000156553667
1.492187500000,0.000154414545
1.500000000000,0.000152342958
1.507812500000,0.000150335745
1.515625000000,0.000148389945
1.523437500000,0.000146502771
1.531250000000,0.000144671606
1.539062500000,0.000142893986
1.546875000000,0.000141167587
1.554687500000,0.000139490223
1.562500000000,0.000137859827
1.570312500000,0.000136274450
1.578125000000,0.000134732245
1.585937500000,0.000133231470
1.593750000000,0.000131770474
1.601562500000,0.000130347694
1.609375000000,0.000128961645
1.617187500000,0.000127610921
1.625000000000,0.000126294187
1.632812500000,0.000125010174
1.640625000000,0.000123757678
1.648437500000,0.000122535550
1.656250000000,0.000121342701
1.664062500000,0.000120178089
1.671875000000,0.000119040724
1.679687500000,0.000117929663
1.687500000000,0.000116844005
1.695312500000,0.000115782889
1.703125000000,0.000114745495
1.710937500000,0.000113731037
1.718750000000,0.000112738767
1.726562500000,0.000111767967
1.734375000000,0.000110817949
1.742187500000,0.000109888057
1.750000000000,0.000108977661
1.757812500000,0.000108086159
1.765625000000,0.000107212973
1.773437500000,0.000106357545
1.781250000000,0.000105519346
1.789062500000,0.000104697864
1.796875000000,0.000103892610
1.804687500000,0.000103103108
1.812500000000,0.000102328909
1.820312500000,0.000101569577
1.828125000000,0.000100824692
1.835937500000,0.000100093851
1.843750000000,0.000099376666
1.851562500000,0.000098672764
1.859375000000,0.000097981785
1.867187500000,0.000097303381
1.875000000000,0.000096637218
1.882812500000,0.000095982973
1.890625000000,0.000095340337
1.898437500000,0.000094709008
1.906250000000,0.000094088698
1.914062500000,0.000093479125
1.921875000000,0.000092880021
1.929687500000,0.000092291126
1.937500000000,0.000091712185
1.945312500000,0.000091142956
1.953125000000,0.000090583203
1.960937500000,0.000090032698
1.968750000000,0.000089491220
1.976562500000,0.000088958557
1.984375000000,0.000088434501
1.992187500000,0.000087918853
2.000000000000,0.000087411417
2.007812500000,0.000086912009
2.015625000000,0.000086420445
2.023437500000,0.000085936548
2.031250000000,0.000085460149
2.039062500000,0.000084991080
2.046875000000,0.000084529183
2.054687500000,0.000084074300
2.062500000000,0.000083626281
2.070312500000,0.000083184978
2.078125000000,0.000082750249
2.085937500000,0.000082321955
2.093750000000,0.000081899963
2.101562500000,0.000081484140
2.109375000000,0.000081074362
2.117187500000,0.000080670503
2.125000000000,0.000080272445
2.132812500000,0.000079880071
2.140625000000,0.000079493266
2.148437500000,0.000079111921
2.156250000000,0.000078735929
2.164062500000,0.000078365186
2.171875000000,0.000077999590
2.179687500000,0.000077639041
2.187500000000,0.000077283446
2.195312500000,0.000076932705
2.203125000000,0.000076586733
2.210937500000,0.000076245439
2.218750000000,0.000075908735
2.226562500000,0.000075576539
2.234375000000,0.000075248768
2.242187500000,0.000074925340
2.250000000000,0.000074606179
2.257812500000,0.000074291208
2.265625000000,0.000073980353
2.273437500000,0.000073673542
2.281250000000,0.000073370703
2.289062500000,0.000073071768
2.296875000000,0.000072776669
2.304687500000,0.000072485341
2.312500000000,0.000072197720
2.320312500000,0.000071913743
2.328125000000,0.000071633348
2.335937500000,0.000071356478
2.343750000000,0.000071083072
2.351562500000,0.000070813075
2.359375000000,0.000070546430
2.367187500000,0.000070283083
2.375000000000,0.000070022982
2.382812500000,0.000069766074
2.390625000000,0.000069512311
2.398437500000,0.000069261639
2.406250000000,0.000069014012
2.414062500000,0.000068769382
2.421875000000,0.000068527704
2.429687500000,0.000068288932
2.437500000000,0.000068053021
2.445312500000,0.000067819929
2.453125000000,0.000067589612
2.460937500000,0.000067362030
2.468750000000,0.000067137143
2.476562500000,0.000066914908
2.484375000000,0.000066695290
2.492187500000,0.000066478248
2.500000000000,0.000066263747
2.507812500000,0.000066051749
2.515625000000,0.000065842219
2.523437500000,0.000065635122
2.531250000000,0.000065430423
2.539062500000,0.000065228090
2.546875000000,0.000065028089
2.554687500000,0.000064830388
2.562500000000,0.000064634955
2.570312500000,0.000064441761
2.578125000000,0.000064250773
2.585937500000,0.000064061963
2.593750000000,0.000063875303
2.601562500000,0.000063690762
2.609375000000,0.000063508314
2.617187500000,0.000063327930
2.625000000000,0.000063149584
2.632812500000,0.000062973250
2.640625000000,0.000062798903
2.648437500000,0.000062626515
2.656250000000,0.000062456063
2.664062500000,0.000062287523
2.671875000000,0.000062120870
2.679687500000,0.000061956081
2.687500000000,0.000061793133
2.695312500000,0.000061632004
2.703125000000,0.000061472671
2.710937500000,0.000061315113
2.718750000000,0.000061159308
2.726562500000,0.000061005235
2.734375000000,0.000060852875
2.742187500000,0.000060702206
2.750000000000,0.000060553209
2.757812500000,0.000060405864
2.765625000000,0.000060260154
2.773437500000,0.000060116057
2.781250000000,0.000059973555
2.789062500000,0.000059832639
2.796875000000,0.000059693277
2.804687500000,0.000059555460
2.812500000000,0.000059419168
2.820312500000,0.000059284386
2.828125000000,0.000059151097
2.835937500000,0.000059019286
2.843750000000,0.000058888934
2.851562500000,0.000058760028
2.859375000000,0.000058632552
2.867187500000,0.000058506490
2.875000000000,0.000058381828
2.882812500000,0.000058258552
2.890625000000,0.000058136647
2.898437500000,0.000058016099
2.906250000000,0.000057896894
2.914062500000,0.000057779019
2.921875000000,0.000057662460
2.929687500000,0.000057547205
2.937500000000,0.000057433239
2.945312500000,0.000057320552
2.953125000000,0.000057209129
2.960937500000,0.000057098960
2.968750000000,0.000056990030
2.976562500000,0.000056882328
2.984375000000,0.000056775862
2.992187500000,0.000056670579
3.000000000000,0.000056566497
3.007812500000,0.000056463600
3.015625000000,0.000056361876
3.023437500000,0.000056261315
3.031250000000,0.000056161902
3.039062500000,0.000056063636
3.046875000000,0.000055966500
3.054687500000,0.000055870484
3.062500000000,0.000055775581
3.070312500000,0.000055681779
3.078125000000,0.000055589070
3.085937500000,0.000055497444
3.093750000000,0.000055406892
3.101562500000,0.000055317405
3.109375000000,0.000055228974
3.117187500000,0.000055141590
3.125000000000,0.000055055245
3.132812500000,0.000054969931
3.140625000000,0.000054885639
3.148437500000,0.000054802361
3.156250000000,0.000054720089
3.164062500000,0.000054638815
3.171875000000,0.000054558531
3.179687500000,0.000054479229
3.187500000000,0.000054400904
3.195312500000,0.000054323546
3.203125000000,0.000054247149
3.210937500000,0.000054171705
3.218750000000,0.000054097207
3.226562500000,0.000054023649
3.234375000000,0.000053951025
3.242187500000,0.000053879327
3.250000000000,0.000053808547
3.257812500000,0.000053738682
3.265625000000,0.000053669723
3.273437500000,0.000053601664
3.281250000000,0.000053534501
3.289062500000,0.000053468226
3.296875000000,0.000053402833
3.304687500000,0.000053338317
3.312500000000,0.000053274673
3.320312500000,0.000053211893
3.328125000000,0.000053149974
3.335937500000,0.000053088910
3.343750000000,0.000053028695
3.351562500000,0.000052969323
3.359375000000,0.000052910791
3.367187500000,0.000052853093
3.375000000000,0.000052796223
3.382812500000,0.000052740179
3.390625000000,0.000052684952
3.398437500000,0.000052630540
3.406250000000,0.000052576938
3.414062500000,0.000052524142
3.421875000000,0.000052472146
3.429687500000,0.000052420946
3.437500000000,0.000052370540
3.445312500000,0.000052320922
3.453125000000,0.000052272087
3.460937500000,0.000052224032
3.468750000000,0.000052176754
3.476562500000,0.000052130247
3.484375000000,0.000052084508
3.492187500000,0.000052039534
3.500000000000,0.000051995321
3.507812500000,0.000051951864
3.515625000000,0.000051909162
3.523437500000,0.000051867209
3.531250000000,0.000051826003
3.539062500000,0.000051785541
3.546875000000,0.000051745819
3.554687500000,0.000051706833
3.562500000000,0.000051668582
3.570312500000,0.000051631061
3.578125000000,0.000051594268
3.585937500000,0.000051558200
3.593750000000,0.000051522854
3.601562500000,0.000051488227
3.609375000000,0.000051454316
3.617187500000,0.000051421120
3.625000000000,0.000051388634
3.632812500000,0.000051356857
3.640625000000,0.000051325786
3.648437500000,0.000051295418
3.656250000000,0.000051265752
3.664062500000,0.000051236785
3.671875000000,0.000051208515
3.679687500000,0.000051180939
3.687500000000,0.000051154056
3.695312500000,0.000051127862
3.703125000000,0.000051102357
3.710937500000,0.000051077539
3.718750000000,0.000051053404
3.726562500000,0.000051029952
3.734375000000,0.000051007182
3.742187500000,0.000050985090
3.750000000000,0.000050963675
3.757812500000,0.000050942935
3.765625000000,0.000050922870
3.773437500000,0.000050903478
3.781250000000,0.000050884756
3.789062500000,0.000050866704
3.796875000000,0.000050849320
3.804687500000,0.000050832603
3.812500000000,0.000050816552
3.820312500000,0.000050801165
3.828125000000,0.000050786442
3.835937500000,0.000050772380
3.843750000000,0.000050758980
3.851562500000,0.000050746239
3.859375000000,0.000050734158
3.867187500000,0.000050722735
3.875000000000,0.000050711970
3.882812500000,0.000050701860
3.890625000000,0.000050692407
3.898437500000,0.000050683608
3.906250000000,0.000050675465
3.914062500000,0.000050667974
3.921875000000,0.000050661137
3.929687500000,0.000050654953
3.937500000000,0.000050649421
3.945312500000,0.000050644540
3.953125000000,0.000050640312
3.960937500000,0.000050636734
3.968750000000,0.000050633807
3.976562500000,0.000050631531
3.984375000000,0.000050629905
3.992187500000,0.000050628930
4.000000000000,0.000025314302
